Workbook

Sheet 3.
C2: Distâncias entre Clientes e Centro de Distribuição de Espanha
E4: 41.3300,-1.2200 | F4: 39.2577,-7.9310 | G4: 37.4545,-7.8724 | H4: 40.2112,-8.4101 | I4: 40.9285,-8.5484 | J4: 41.7546,-7.4734 | K4: 41.8081,-6.7676 | L4: 43.3637,-5.8489 | M4: 39.8682,-4.0266 | N4: 39.4767,-0.3759 | O4: 41.6525,-0.8890 | P4: 41.3906,2.1721
C5: Distância (km) | D5: id | E5: Espanha - Saragoça | F5: Évora | G5: Faro | H5: Coimbra | I5: Santa Maria da Feira | J5: Chaves | K5: Bragança | L5: Oviedo | M5: Toledo | N5: Valência | O5: Saragoça | P5: Barcelona
E6: 27 | F6: 3 | G6: 4 | H6: 5 | I6: 6 | J6: 7 | K6: 8 | L6: 9 | M6: 10 | N6: 11 | O6: 12 | P6: 13
B7: 41.3300,-1.2200 | C7: Espanha - Saragoça | D7: 27 | E7: 0 | F7: 789 | G7: 912 | H7: 764 | I7: 783 | J7: 645 | K7: 545 | L7: 576 | M7: 356 | N7: 263 | O7: 54.3 | P7: 359
B8: 39.2577,-7.9310 | C8: Évora | D8: 3 | E8: =F7 -> 789 | F8: 0 | G8: 262 | H8: 158 | I8: 251 | J8: 398 | K8: 365 | L8: 657 | M8: 465 | N8: 760 | O8: 817 | P8: 1123
B9: 37.4545,-7.8724 | C9: Faro | D9: 4 | E9: =G7 -> 912 | F9: =G8 -> 262 | G9: 0 | H9: 410 | I9: 502 | J9: 683 | K9: 623 | L9: 858 | M9: 591 | N9: 864 | O9: 942 | P9: 1209
B10: 40.2112,-8.4101 | C10: Coimbra | D10: 5 | E10: =H7 -> 764 | F10: =H8 -> 158 | G10: =H9 -> 410 | H10: 0 | I10: 94.6 | J10: 242 | K10: 287 | L10: 608 | M10: 483 | N10: 853 | O10: 792 | P10: 1098
B11: 40.9285,-8.5484 | C11: Santa Maria da Feira | D11: 6 | E11: =I7 -> 783 | F11: =I8 -> 251 | G11: =I9 -> 502 | H11: =I10 -> 94.6 | I11: 0 | J11: 241 | K11: 286 | L11: 607 | M11: 551 | N11: 886 | O11: 810 | P11: 1116
B12: 41.7546,-7.4734 | C12: Chaves | D12: 7 | E12: =J7 -> 645 | F12: =J8 -> 398 | G12: =J9 -> 683 | H12: =J10 -> 242 | I12: =J11 -> 241 | J12: 0 | K12: 111 | L12: 372 | M12: 520 | N12: 812 | O12: 670 | P12: 976
B13: 41.8081,-6.7676 | C13: Bragança | D13: 8 | E13: =K7 -> 545 | F13: =K8 -> 365 | G13: =K9 -> 623 | H13: =K10 -> 287 | I13: =K11 -> 286 | J13: =K12 -> 111 | K13: 0 | L13: 327 | M13: 415 | N13: 715 | O13: 573 | P13: 879
B14: 43.3637,-5.8489 | C14: Oviedo | D14: 9 | E14: =L7 -> 576 | F14: =L8 -> 657 | G14: =L9 -> 858 | H14: =L10 -> 608 | I14: =L11 -> 607 | J14: =L12 -> 372 | K14: =L13 -> 327 | L14: 0 | M14: 524 | N14: 816 | O14: 544 | P14: 869
B15: 39.8682,-4.0266 | C15: Toledo | D15: 10 | E15: =M7 -> 356 | F15: =M8 -> 465 | G15: =M9 -> 591 | H15: =M10 -> 483 | I15: =M11 -> 551 | J15: =M12 -> 520 | K15: =M13 -> 415 | L15: =M14 -> 524 | M15: 0 | N15: 391 | O15: 382 | P15: 686
B16: 39.4767,-0.3759 | C16: Valência | D16: 11 | E16: =N7 -> 263 | F16: =N8 -> 760 | G16: =N9 -> 864 | H16: =N10 -> 853 | I16: =N11 -> 886 | J16: =N12 -> 812 | K16: =N13 -> 715 | L16: =N14 -> 816 | M16: =N15 -> 391 | N16: 0 | O16: 318 | P16: 366
B17: 41.6525,-0.8890 | C17: Saragoça | D17: 12 | E17: =O7 -> 54.3 | F17: =O8 -> 817 | G17: =O9 -> 942 | H17: =O10 -> 792 | I17: =O11 -> 810 | J17: =O12 -> 670 | K17: =O13 -> 573 | L17: =O14 -> 544 | M17: =O15 -> 382 | N17: =O16 -> 318 | O17: 0 | P17: 306
B18: 41.3906,2.1721 | C18: Barcelona | D18: 13 | E18: =P7 -> 359 | F18: =P8 -> 1123 | G18: =P9 -> 1209 | H18: =P10 -> 1098 | I18: =P11 -> 1116 | J18: =P12 -> 976 | K18: =P13 -> 879 | L18: =P14 -> 869 | M18: =P15 -> 686 | N18: =P16 -> 366 | O18: =P17 -> 306 | P18: 0
C20: Pressupostos: | D20: As distâncias (km) foram obtidas através do Google Maps. Foi tida em conta a distância real sem portagens (para não acrescer custo).
C23: Tempo percorrido entre Clientes e Centro de Distribuição de Espanha
C25: Tempo (min) | D25: id | E25: Espanha - Saragoça | F25: Évora | G25: Faro | H25: Coimbra | I25: Santa Maria da Feira | J25: Chaves | K25: Bragança | L25: Oviedo | M25: Toledo | N25: Valência | O25: Saragoça | P25: Barcelona
E26: 27 | F26: 3 | G26: 4 | H26: 5 | I26: 6 | J26: 7 | K26: 8 | L26: 9 | M26: 10 | N26: 11 | O26: 12 | P26: 13
C27: Espanha - Saragoça | D27: 27 | E27: 0 | F27: =8*60+9 -> 489 | G27: =9*60+58 -> 598 | H27: =8*60+51 -> 531 | I27: =8*60+57 -> 537 | J27: =7*60 -> 420 | K27: =6*60+20 -> 380 | L27: =6*60+38 -> 398 | M27: =3*60+50 -> 230 | N27: =2*60+48 -> 168 | O27: 44 | P27: =3*60+53 -> 233
C28: Évora | D28: 3 | E28: =F27 -> 489 | F28: 0 | G28: =3*60+27 -> 207 | H28: =60+56 -> 116 | I28: =3*60+18 -> 198 | J28: =4*60+29 -> 269 | K28: =4*60+2 -> 242 | L28: =7*60+19 -> 439 | M28: =5*60+1 -> 301 | N28: =8*60+31 -> 511 | O28: =8*60+31 -> 511 | P28: =11*60+33 -> 693
C29: Faro | D29: 4 | E29: =G27 -> 598 | F29: =G28 -> 207 | G29: 0 | H29: =5*60+13 -> 313 | I29: =6*60+34 -> 394 | J29: =7*60+38 -> 458 | K29: =7*60+9 -> 429 | L29: =9*60+59 -> 599 | M29: =6*60+37 -> 397 | N29: =9*60+12 -> 552 | O29: =10*60+19 -> 619 | P29: =12*60+42 -> 762
C30: Coimbra | D30: 5 | E30: =H27 -> 531 | F30: =H28 -> 116 | G30: =H29 -> 313 | H30: 0 | I30: =60+31 -> 91 | J30: =2*60+45 -> 165 | K30: =3*60+29 -> 209 | L30: =6*60+26 -> 386 | M30: =5*60+30 -> 330 | N30: =9*60+14 -> 554 | O30: =8*60+44 -> 524 | P30: =11*60+45 -> 705
C31: Santa Maria da Feira | D31: 6 | E31: =I27 -> 537 | F31: =I28 -> 198 | G31: =I29 -> 394 | H31: =I30 -> 91 | I31: 0 | J31: =2*60+45 -> 165 | K31: =3*60+28 -> 208 | L31: =6*60+39 -> 399 | M31: =6*60+7 -> 367 | N31: =9*60+25 -> 565 | O31: =8*60+49 -> 529 | P31: =11*60+49 -> 709
C32: Chaves | D32: 7 | E32: =J27 -> 420 | F32: =J28 -> 269 | G32: =J29 -> 458 | H32: =J30 -> 165 | I32: =J31 -> 165 | J32: 0 | K32: =60+32 -> 92 | L32: =4*60+19 -> 259 | M32: =5*60+34 -> 334 | N32: =8*60+36 -> 516 | O32: =7*60+14 -> 434 | P32: =10*60+19 -> 619
C33: Bragança | D33: 8 | E33: =K27 -> 380 | F33: =K28 -> 242 | G33: =K29 -> 429 | H33: =K30 -> 209 | I33: =K31 -> 208 | J33: =K32 -> 92 | K33: 0 | L33: =4*60+3 -> 243 | M33: =4*60+41 -> 281 | N33: =7*60+51 -> 471 | O33: =6*60+27 -> 387 | P33: =9*60+37 -> 577
C34: Oviedo | D34: 9 | E34: =L27 -> 398 | F34: =L28 -> 439 | G34: =L29 -> 599 | H34: =L30 -> 386 | I34: =L31 -> 399 | J34: =L32 -> 259 | K34: =L33 -> 243 | L34: 0 | M34: =5*60+55 -> 355 | N34: =8*60+54 -> 534 | O34: =6*60+23 -> 383 | P34: =9*60+33 -> 573
C35: Toledo | D35: 10 | E35: =M27 -> 230 | F35: =M28 -> 301 | G35: =M29 -> 397 | H35: =M30 -> 330 | I35: =M31 -> 367 | J35: =M32 -> 334 | K35: =M33 -> 281 | L35: =M34 -> 355 | M35: 0 | N35: =4*60 -> 240 | O35: =3*60+56 -> 236 | P35: =7*60+7 -> 427
C36: Valência | D36: 11 | E36: =N27 -> 168 | F36: =N28 -> 511 | G36: =N29 -> 552 | H36: =N30 -> 554 | I36: =N31 -> 565 | J36: =N32 -> 516 | K36: =N33 -> 471 | L36: =N34 -> 534 | M36: =N35 -> 240 | N36: 0 | O36: =3*60+36 -> 216 | P36: =4*60+6 -> 246
C37: Saragoça | D37: 12 | E37: =O27 -> 44 | F37: =O28 -> 511 | G37: =O29 -> 619 | H37: =O30 -> 524 | I37: =O31 -> 529 | J37: =O32 -> 434 | K37: =O33 -> 387 | L37: =O34 -> 383 | M37: =O35 -> 236 | N37: =O36 -> 216 | O37: 0 | P37: =3*60+27 -> 207
C38: Barcelona | D38: 13 | E38: =P27 -> 233 | F38: =P28 -> 693 | G38: =P29 -> 762 | H38: =P30 -> 705 | I38: =P31 -> 709 | J38: =P32 -> 619 | K38: =P33 -> 577 | L38: =P34 -> 573 | M38: =P35 -> 427 | N38: =P36 -> 246 | O38: =P37 -> 207 | P38: 0
C41: Procura Diária do Produto A e B dos Clientes
C43: Procura | E43: Évora | F43: Faro | G43: Coimbra | H43: Santa Maria da Feira | I43: Chaves | J43: Bragança | K43: Oviedo | L43: Toledo | M43: Valência | N43: Saragoça | O43: Barcelona
E44: 3 | F44: 4 | G44: 5 | H44: 6 | I44: 7 | J44: 8 | K44: 9 | L44: 10 | M44: 11 | N44: 12 | O44: 13
C45: Produto A (Kg) | E45: ='[1]0. DADOS'!K7*100*1000/'3.'!$F$53*I55 -> 9597.73 | F45: ='[1]0. DADOS'!K8*100*1000/'3.'!$F$53*I55 -> 12796.973 | G45: ='[1]0. DADOS'!K9*100*1000/'3.'!$F$53*$I$55 -> 15996.217 | H45: ='[1]0. DADOS'!K10*100*1000/'3.'!$F$53*$I$55 -> 6398.4867 | I45: ='[1]0. DADOS'!K11*100*1000/'3.'!$F$53*I55 -> 9597.73 | J45: ='[1]0. DADOS'!K12*100*1000/'3.'!$F$53*$I$55 -> 3199.2433 | K45: ='[1]0. DADOS'!K13*100*1000/'3.'!$F$53*$I$55 -> 7998.1084 | L45: ='[1]0. DADOS'!K14*100*1000/'3.'!$F$53*$I$55 -> 7998.1084 | M45: ='[1]0. DADOS'!K15*100*1000/'3.'!$F$53*I55 -> 23994.325 | N45: ='[1]0. DADOS'!K16*100*1000/'3.'!$F$53*I55 -> 23994.325 | O45: ='[1]0. DADOS'!K17*100*1000/'3.'!$F$53*I55 -> 31992.433
C46: Produto B (Kg) | E46: ='[1]0. DADOS'!K7*100*1000/'3.'!$F$53*J55 -> 1765.9063 | F46: ='[1]0. DADOS'!K8*100*1000/'3.'!$F$53*J55 -> 2354.5418 | G46: ='[1]0. DADOS'!K9*100*1000/'3.'!$F$53*J55 -> 2943.1772 | H46: ='[1]0. DADOS'!K10*100*1000/'3.'!$F$53*J55 -> 1177.2709 | I46: ='[1]0. DADOS'!K11*100*1000/'3.'!$F$53*J55 -> 1765.9063 | J46: ='[1]0. DADOS'!K12*100*1000/'3.'!$F$53*J55 -> 588.63544 | K46: ='[1]0. DADOS'!K13*100*1000/'3.'!$F$53*J55 -> 1471.5886 | L46: ='[1]0. DADOS'!K14*100*1000/'3.'!$F$53*J55 -> 1471.5886 | M46: ='[1]0. DADOS'!K15*100*1000/'3.'!$F$53*J55 -> 4414.7658 | N46: ='[1]0. DADOS'!K16*100*1000/'3.'!$F$53*J55 -> 4414.7658 | O46: ='[1]0. DADOS'!K17*100*1000/'3.'!$F$53*J55 -> 5886.3544
C47: Total Diário (Kg) | E47: =SUM(E45:E46) -> 11363.636 | F47: =SUM(F45:F46) -> 15151.515 | G47: =SUM(G45:G46) -> 18939.394 | H47: =SUM(H45:H46) -> 7575.7576 | I47: =SUM(I45:I46) -> 11363.636 | J47: =SUM(J45:J46) -> 3787.8788 | K47: =SUM(K45:K46) -> 9469.697 | L47: =SUM(L45:L46) -> 9469.697 | ... O47: =SUM(O45:O46) -> 37878.788
C48: Total Mensal (Kg) | E48: =E47*22 -> 250000 | F48: =F47*22 -> 333333.33 | G48: =G47*22 -> 416666.67 | H48: =H47*22 -> 166666.67 | I48: =I47*22 -> 250000 | J48: =J47*22 -> 83333.333 | K48: =K47*22 -> 208333.33 | L48: =L47*22 -> 208333.33 | ... O48: =O47*22 -> 833333.33
C49: Total Anual (Kg) | E49: =E48*12 -> 3000000 | F49: =F48*12 -> 4000000 | G49: =G48*12 -> 5000000 | H49: =H48*12 -> 2000000 | I49: =I48*12 -> 3000000 | J49: =J48*12 -> 1000000 | K49: =K48*12 -> 2500000 | L49: =L48*12 -> 2500000 | ... O49: =O48*12 -> 10000000
C50: Nº Paletes do Produto A | E50: =ROUNDUP(E45/$I$54/$F$66,0) -> 8 | F50: =ROUNDUP(F45/$I$54/$F$66,0) -> 11 | G50: =ROUNDUP(G45/$I$54/$F$66,0) -> 14 | H50: =ROUNDUP(H45/$I$54/$F$66,0) -> 6 | I50: =ROUNDUP(I45/$I$54/$F$66,0) -> 8 | J50: =ROUNDUP(J45/$I$54/$F$66,0) -> 3 | K50: =ROUNDUP(K45/$I$54/$F$66,0) -> 7 | L50: =ROUNDUP(L45/$I$54/$F$66,0) -> 7 | ... O50: =ROUNDUP(O45/$I$54/$F$66,0) -> 27
C51: Nº Paletes do Produto B | E51: =ROUNDUP(E46/$J$54/$F$67,0) -> 3 | F51: =ROUNDUP(F46/$J$54/$F$67,0) -> 4 | G51: =ROUNDUP(G46/$J$54/$F$67,0) -> 4 | H51: =ROUNDUP(H46/$J$54/$F$67,0) -> 2 | I51: =ROUNDUP(I46/$J$54/$F$67,0) -> 3 | J51: =ROUNDUP(J46/$J$54/$F$67,0) -> 1 | K51: =ROUNDUP(K46/$J$54/$F$67,0) -> 2 | L51: =ROUNDUP(L46/$J$54/$F$67,0) -> 2 | ... O51: =ROUNDUP(O46/$J$54/$F$67,0) -> 8
C53: Dias/ano | F53: =22*12 -> 264 | I53: Produto A | J53: Produto B
H54: Peso Paletes | I54: ='[1]2.1. PALETES'!F5 -> 20 | J54: ='[1]2.1. PALETES'!F6 -> 14
H55: Proporção Peso | I55: =('[1]2.1. PRODUTO A'!D113*I54)/('[1]2.1. PRODUTO A'!D113*I54+'[1]2.1. PRODUTO B'!D113*J54) -> 0.84460024 | J55: =('[1]2.1. PRODUTO B'!D113*J54)/('[1]2.1. PRODUTO A'!D113*I54+'[1]2.1. PRODUTO B'!D113*J54) -> 0.15539976
C58: Tempo de Serviço em cada Cliente
C60: Tempo de Serviço (min) | E60: Évora | F60: Faro | G60: Coimbra | H60: Santa Maria da Feira | I60: Chaves | J60: Bragança | K60: Oviedo | L60: Toledo | M60: Valência | N60: Saragoça | O60: Barcelona
E61: 3 | F61: 4 | G61: 5 | H61: 6 | I61: 7 | J61: 8 | K61: 9 | L61: 10 | M61: 11 | N61: 12 | O61: 13
C62: Produto A | E62: =E50*$F$68 -> 16 | F62: =F50*$F$68 -> 22 | G62: =G50*$F$68 -> 28 | H62: =H50*$F$68 -> 12 | I62: =I50*$F$68 -> 16 | J62: =J50*$F$68 -> 6 | K62: =K50*$F$68 -> 14 | L62: =L50*$F$68 -> 14 | ... O62: =O50*$F$68 -> 54
C63: Produto B | E63: =E51*$F$68 -> 6 | F63: =F51*$F$68 -> 8 | G63: =G51*$F$68 -> 8 | H63: =H51*$F$68 -> 4 | I63: =I51*$F$68 -> 6 | J63: =J51*$F$68 -> 2 | K63: =K51*$F$68 -> 4 | L63: =L51*$F$68 -> 4 | ... O63: =O51*$F$68 -> 16
C64: Total | E64: =SUM(E62:E63) -> 22 | F64: =SUM(F62:F63) -> 30 | G64: =SUM(G62:G63) -> 36 | H64: =SUM(H62:H63) -> 16 | I64: =SUM(I62:I63) -> 22 | J64: =SUM(J62:J63) -> 8 | K64: =SUM(K62:K63) -> 18 | L64: =SUM(L62:L63) -> 18 | ... O64: =SUM(O62:O63) -> 70
C66: Nº Caixas/Palete do Produto A: | F66: 60
C67: Nº Caixas/Palete do Produto B: | F67: 55
C68: Tempo de Descarregamento por Palete (min): | F68: 2
C71: Janelas Temporais de cada Cliente
C73: Tempo de Serviço (min) | E73: Évora | F73: Faro | G73: Coimbra | H73: Santa Maria da Feira | I73: Chaves | J73: Bragança | K73: Oviedo | L73: Toledo | M73: Valência | N73: Saragoça | O73: Barcelona
E74: 3 | F74: 4 | G74: 5 | H74: 6 | I74: 7 | J74: 8 | K74: 9 | L74: 10 | M74: 11 | N74: 12 | O74: 13
C75: Hora de Inicio | E75: =HOUR('[1]0. DADOS'!$L7)*60+MINUTE('[1]0. DADOS'!$L7)+SECOND('[1]0. DADOS'!$L7)/60 -> 540 | F75: =HOUR('[1]0. DADOS'!$L8)*60+MINUTE('[1]0. DADOS'!$L8)+SECOND('[1]0. DADOS'!$L8)/60 -> 840 | G75: =HOUR('[1]0. DADOS'!$L9)*60+MINUTE('[1]0. DADOS'!$L9)+SECOND('[1]0. DADOS'!$L9)/60 -> 960 | H75: =HOUR('[1]0. DADOS'!$L10)*60+MINUTE('[1]0. DADOS'!$L10)+SECOND('[1]0. DADOS'!$L10)/60 -> 600 | I75: =HOUR('[1]0. DADOS'!$L11)*60+MINUTE('[1]0. DADOS'!$L11)+SECOND('[1]0. DADOS'!$L11)/60 -> 600 | J75: =HOUR('[1]0. DADOS'!$L12)*60+MINUTE('[1]0. DADOS'!$L12)+SECOND('[1]0. DADOS'!$L12)/60 -> 660 | K75: =HOUR('[1]0. DADOS'!$L13)*60+MINUTE('[1]0. DADOS'!$L13)+SECOND('[1]0. DADOS'!$L13)/60 -> 480 | L75: =HOUR('[1]0. DADOS'!$L14)*60+MINUTE('[1]0. DADOS'!$L14)+SECOND('[1]0. DADOS'!$L14)/60 -> 900 | M75: =HOUR('[1]0. DADOS'!$L15)*60+MINUTE('[1]0. DADOS'!$L15)+SECOND('[1]0. DADOS'!$L15)/60 -> 960 | N75: =HOUR('[1]0. DADOS'!$L16)*60+MINUTE('[1]0. DADOS'!$L16)+SECOND('[1]0. DADOS'!$L16)/60 -> 600 | O75: =HOUR('[1]0. DADOS'!$L17)*60+MINUTE('[1]0. DADOS'!$L17)+SECOND('[1]0. DADOS'!$L17)/60 -> 960
C76: Hora de Fim | E76: =HOUR('[1]0. DADOS'!$M7)*60+MINUTE('[1]0. DADOS'!$M7)+SECOND('[1]0. DADOS'!$M7)/60 -> 660 | F76: =HOUR('[1]0. DADOS'!$M8)*60+MINUTE('[1]0. DADOS'!$M8)+SECOND('[1]0. DADOS'!$M8)/60 -> 960 | G76: =HOUR('[1]0. DADOS'!$M9)*60+MINUTE('[1]0. DADOS'!$M9)+SECOND('[1]0. DADOS'!$M9)/60 -> 1080 | H76: =HOUR('[1]0. DADOS'!$M10)*60+MINUTE('[1]0. DADOS'!$M10)+SECOND('[1]0. DADOS'!$M10)/60 -> 720 | I76: =HOUR('[1]0. DADOS'!$M11)*60+MINUTE('[1]0. DADOS'!$M11)+SECOND('[1]0. DADOS'!$M11)/60 -> 720 | J76: =HOUR('[1]0. DADOS'!$M12)*60+MINUTE('[1]0. DADOS'!$M12)+SECOND('[1]0. DADOS'!$M12)/60 -> 780 | K76: =HOUR('[1]0. DADOS'!$M13)*60+MINUTE('[1]0. DADOS'!$M13)+SECOND('[1]0. DADOS'!$M13)/60 -> 600 | L76: =HOUR('[1]0. DADOS'!$M14)*60+MINUTE('[1]0. DADOS'!$M14)+SECOND('[1]0. DADOS'!$M14)/60 -> 1020 | M76: =HOUR('[1]0. DADOS'!$M15)*60+MINUTE('[1]0. DADOS'!$M15)+SECOND('[1]0. DADOS'!$M15)/60 -> 1080 | N76: =HOUR('[1]0. DADOS'!$M16)*60+MINUTE('[1]0. DADOS'!$M16)+SECOND('[1]0. DADOS'!$M16)/60 -> 720 | O76: =HOUR('[1]0. DADOS'!$M17)*60+MINUTE('[1]0. DADOS'!$M17)+SECOND('[1]0. DADOS'!$M17)/60 -> 1080
C79: Informações do Veículo
C81: Veículos | D81: id | E81: Consumo (L/Km) | F81: Capacidade (kg) | G81: Capacidade de Paletes (un.) | H81: Volume (m3) | I81: Largura (mm) | J81: Comprimento (mm) | K81: Altura (mm) | L81: Capacidade do Depósito de Combustível (l) | M81: Custos Anuais Fixos (€) | N81: Custo Licença Anual (€) | O81: Custo Seguro Anual (€) | P81: Custo Depreciação Anual (€) | Q81: Outros Custos Anuais (€) | R81: Custos RH Anual (€) | S81: Pneus (€/Km) | T81: Manutenção (€/Km) | U81: Autonomia (Km) | V81: Custos Fixos Anuais (€) | W81: Custos Fixos Diários (€) | X81: Custos Variáveis Diários (€)
C83: 55 m³ | D83: 1 | E83: 0.23 | F83: =10000 -> 10000 | G83: 20 | H83: =(I83*10^-3)*(J83*10^-3)*(K83*10^-3) -> 55.539 | I83: =2.42*10^3 -> 2420 | J83: =8.5*10^3 -> 8500 | K83: =2.7*10^3 -> 2700 | L83: 157.75 | M83: 290 | N83: 38 | O83: 375 | P83: 2080 | Q83: 1550 | R83: 11900 | S83: 0.1 | T83: 0.08 | U83: =0.9*(L83/E83) -> 617.28261 | V83: =SUM(M83:R83) -> 16233 | W83: =V83/(22*12) -> 61.488636 | X83: =S83+T83 -> 0.18
C84: Semi-Reboque Normal | D84: 2 | E84: 0.3 | F84: 24000 | G84: 33 | H84: =(I84*10^-3)*(J84*10^-3)*(K84*10^-3) -> 86.2784 | I84: =2.44*10^3 -> 2440 | J84: =13.6*10^3 -> 13600 | K84: =2.6*10^3 -> 2600 | L84: 178 | M84: 290 | N84: 49 | O84: 420 | P84: 2230 | Q84: 1900 | R84: 11900 | S84: 0.12 | T84: 0.09 | U84: =0.9*(L84/E84) -> 534 | V84: =SUM(M84:R84) -> 16789 | W84: =V84/(22*12) -> 63.594697 | X84: =S84+T84 -> 0.21
C87: Nº Reabastecimentos - Camião 55 m³
C89: Camião 55 m³ | D89: id | E89: Espanha - Saragoça | F89: Évora | G89: Faro | H89: Coimbra | I89: Santa Maria da Feira | J89: Chaves | K89: Bragança | L89: Oviedo | M89: Toledo | N89: Valência | O89: Saragoça | P89: Barcelona
E90: 27 | F90: 3 | G90: 4 | H90: 5 | I90: 6 | J90: 7 | K90: 8 | L90: 9 | M90: 10 | N90: 11 | O90: 12 | P90: 13
C91: Espanha - Saragoça | D91: 27 | E91: =MAX(0,CEILING(E7/$U$83,1)-1) -> 0 | F91: =MAX(0,CEILING(F7/$U$83,1)-1) -> 1 | G91: =MAX(0,CEILING(G7/$U$83,1)-1) -> 1 | H91: =MAX(0,CEILING(H7/$U$83,1)-1) -> 1 | I91: =MAX(0,CEILING(I7/$U$83,1)-1) -> 1 | J91: =MAX(0,CEILING(J7/$U$83,1)-1) -> 1 | K91: =MAX(0,CEILING(K7/$U$83,1)-1) -> 0 | L91: =MAX(0,CEILING(L7/$U$83,1)-1) -> 0 | ... P91: =MAX(0,CEILING(P7/$U$83,1)-1) -> 0
C92: Évora | D92: 3 | E92: =MAX(0,CEILING(E8/$U$83,1)-1) -> 1 | F92: =MAX(0,CEILING(F8/$U$83,1)-1) -> 0 | G92: =MAX(0,CEILING(G8/$U$83,1)-1) -> 0 | H92: =MAX(0,CEILING(H8/$U$83,1)-1) -> 0 | I92: =MAX(0,CEILING(I8/$U$83,1)-1) -> 0 | J92: =MAX(0,CEILING(J8/$U$83,1)-1) -> 0 | K92: =MAX(0,CEILING(K8/$U$83,1)-1) -> 0 | L92: =MAX(0,CEILING(L8/$U$83,1)-1) -> 1 | ... P92: =MAX(0,CEILING(P8/$U$83,1)-1) -> 1
C93: Faro | D93: 4 | E93: =MAX(0,CEILING(E9/$U$83,1)-1) -> 1 | F93: =MAX(0,CEILING(F9/$U$83,1)-1) -> 0 | G93: =MAX(0,CEILING(G9/$U$83,1)-1) -> 0 | H93: =MAX(0,CEILING(H9/$U$83,1)-1) -> 0 | I93: =MAX(0,CEILING(I9/$U$83,1)-1) -> 0 | J93: =MAX(0,CEILING(J9/$U$83,1)-1) -> 1 | K93: =MAX(0,CEILING(K9/$U$83,1)-1) -> 1 | L93: =MAX(0,CEILING(L9/$U$83,1)-1) -> 1 | ... P93: =MAX(0,CEILING(P9/$U$83,1)-1) -> 1
C94: Coimbra | D94: 5 | E94: =MAX(0,CEILING(E10/$U$83,1)-1) -> 1 | F94: =MAX(0,CEILING(F10/$U$83,1)-1) -> 0 | G94: =MAX(0,CEILING(G10/$U$83,1)-1) -> 0 | H94: =MAX(0,CEILING(H10/$U$83,1)-1) -> 0 | I94: =MAX(0,CEILING(I10/$U$83,1)-1) -> 0 | J94: =MAX(0,CEILING(J10/$U$83,1)-1) -> 0 | K94: =MAX(0,CEILING(K10/$U$83,1)-1) -> 0 | L94: =MAX(0,CEILING(L10/$U$83,1)-1) -> 0 | ... P94: =MAX(0,CEILING(P10/$U$83,1)-1) -> 1
C95: Santa Maria da Feira | D95: 6 | E95: =MAX(0,CEILING(E11/$U$83,1)-1) -> 1 | F95: =MAX(0,CEILING(F11/$U$83,1)-1) -> 0 | G95: =MAX(0,CEILING(G11/$U$83,1)-1) -> 0 | H95: =MAX(0,CEILING(H11/$U$83,1)-1) -> 0 | I95: =MAX(0,CEILING(I11/$U$83,1)-1) -> 0 | J95: =MAX(0,CEILING(J11/$U$83,1)-1) -> 0 | K95: =MAX(0,CEILING(K11/$U$83,1)-1) -> 0 | L95: =MAX(0,CEILING(L11/$U$83,1)-1) -> 0 | ... P95: =MAX(0,CEILING(P11/$U$83,1)-1) -> 1
C96: Chaves | D96: 7 | E96: =MAX(0,CEILING(E12/$U$83,1)-1) -> 1 | F96: =MAX(0,CEILING(F12/$U$83,1)-1) -> 0 | G96: =MAX(0,CEILING(G12/$U$83,1)-1) -> 1 | H96: =MAX(0,CEILING(H12/$U$83,1)-1) -> 0 | I96: =MAX(0,CEILING(I12/$U$83,1)-1) -> 0 | J96: =MAX(0,CEILING(J12/$U$83,1)-1) -> 0 | K96: =MAX(0,CEILING(K12/$U$83,1)-1) -> 0 | L96: =MAX(0,CEILING(L12/$U$83,1)-1) -> 0 | ... P96: =MAX(0,CEILING(P12/$U$83,1)-1) -> 1
C97: Bragança | D97: 8 | E97: =MAX(0,CEILING(E13/$U$83,1)-1) -> 0 | F97: =MAX(0,CEILING(F13/$U$83,1)-1) -> 0 | G97: =MAX(0,CEILING(G13/$U$83,1)-1) -> 1 | H97: =MAX(0,CEILING(H13/$U$83,1)-1) -> 0 | I97: =MAX(0,CEILING(I13/$U$83,1)-1) -> 0 | J97: =MAX(0,CEILING(J13/$U$83,1)-1) -> 0 | K97: =MAX(0,CEILING(K13/$U$83,1)-1) -> 0 | L97: =MAX(0,CEILING(L13/$U$83,1)-1) -> 0 | ... P97: =MAX(0,CEILING(P13/$U$83,1)-1) -> 1
C98: Oviedo | D98: 9 | E98: =MAX(0,CEILING(E14/$U$83,1)-1) -> 0 | F98: =MAX(0,CEILING(F14/$U$83,1)-1) -> 1 | G98: =MAX(0,CEILING(G14/$U$83,1)-1) -> 1 | H98: =MAX(0,CEILING(H14/$U$83,1)-1) -> 0 | I98: =MAX(0,CEILING(I14/$U$83,1)-1) -> 0 | J98: =MAX(0,CEILING(J14/$U$83,1)-1) -> 0 | K98: =MAX(0,CEILING(K14/$U$83,1)-1) -> 0 | L98: =MAX(0,CEILING(L14/$U$83,1)-1) -> 0 | ... P98: =MAX(0,CEILING(P14/$U$83,1)-1) -> 1
C99: Toledo | D99: 10 | E99: =MAX(0,CEILING(E15/$U$83,1)-1) -> 0 | F99: =MAX(0,CEILING(F15/$U$83,1)-1) -> 0 | G99: =MAX(0,CEILING(G15/$U$83,1)-1) -> 0 | H99: =MAX(0,CEILING(H15/$U$83,1)-1) -> 0 | I99: =MAX(0,CEILING(I15/$U$83,1)-1) -> 0 | J99: =MAX(0,CEILING(J15/$U$83,1)-1) -> 0 | K99: =MAX(0,CEILING(K15/$U$83,1)-1) -> 0 | L99: =MAX(0,CEILING(L15/$U$83,1)-1) -> 0 | ... P99: =MAX(0,CEILING(P15/$U$83,1)-1) -> 1
C100: Valência | D100: 11 | E100: =MAX(0,CEILING(E16/$U$83,1)-1) -> 0 | F100: =MAX(0,CEILING(F16/$U$83,1)-1) -> 1 | G100: =MAX(0,CEILING(G16/$U$83,1)-1) -> 1 | H100: =MAX(0,CEILING(H16/$U$83,1)-1) -> 1 | I100: =MAX(0,CEILING(I16/$U$83,1)-1) -> 1 | J100: =MAX(0,CEILING(J16/$U$83,1)-1) -> 1 | K100: =MAX(0,CEILING(K16/$U$83,1)-1) -> 1 | L100: =MAX(0,CEILING(L16/$U$83,1)-1) -> 1 | ... P100: =MAX(0,CEILING(P16/$U$83,1)-1) -> 0
C101: Saragoça | D101: 12 | E101: =MAX(0,CEILING(E17/$U$83,1)-1) -> 0 | F101: =MAX(0,CEILING(F17/$U$83,1)-1) -> 1 | G101: =MAX(0,CEILING(G17/$U$83,1)-1) -> 1 | H101: =MAX(0,CEILING(H17/$U$83,1)-1) -> 1 | I101: =MAX(0,CEILING(I17/$U$83,1)-1) -> 1 | J101: =MAX(0,CEILING(J17/$U$83,1)-1) -> 1 | K101: =MAX(0,CEILING(K17/$U$83,1)-1) -> 0 | L101: =MAX(0,CEILING(L17/$U$83,1)-1) -> 0 | ... P101: =MAX(0,CEILING(P17/$U$83,1)-1) -> 0
C102: Barcelona | D102: 13 | E102: =MAX(0,CEILING(E18/$U$83,1)-1) -> 0 | F102: =MAX(0,CEILING(F18/$U$83,1)-1) -> 1 | G102: =MAX(0,CEILING(G18/$U$83,1)-1) -> 1 | H102: =MAX(0,CEILING(H18/$U$83,1)-1) -> 1 | I102: =MAX(0,CEILING(I18/$U$83,1)-1) -> 1 | J102: =MAX(0,CEILING(J18/$U$83,1)-1) -> 1 | K102: =MAX(0,CEILING(K18/$U$83,1)-1) -> 1 | L102: =MAX(0,CEILING(L18/$U$83,1)-1) -> 1 | ... P102: =MAX(0,CEILING(P18/$U$83,1)-1) -> 0
C105: Nº reabastecimentos - Semi-Reboque Normal
C107: Semi-Reboque Normal | D107: id | E107: Espanha - Saragoça | F107: Évora | G107: Faro | H107: Coimbra | I107: Santa Maria da Feira | J107: Chaves | K107: Bragança | L107: Oviedo | M107: Toledo | N107: Valência | O107: Saragoça | P107: Barcelona
E108: 27 | F108: 3 | G108: 4 | H108: 5 | I108: 6 | J108: 7 | K108: 8 | L108: 9 | M108: 10 | N108: 11 | O108: 12 | P108: 13
C109: Espanha - Saragoça | D109: 27 | E109: =MAX(0,CEILING(E7/$U$84,1)-1) -> 0 | F109: =MAX(0,CEILING(F7/$U$84,1)-1) -> 1 | G109: =MAX(0,CEILING(G7/$U$84,1)-1) -> 1 | H109: =MAX(0,CEILING(H7/$U$84,1)-1) -> 1 | I109: =MAX(0,CEILING(I7/$U$84,1)-1) -> 1 | J109: =MAX(0,CEILING(J7/$U$84,1)-1) -> 1 | K109: =MAX(0,CEILING(K7/$U$84,1)-1) -> 1 | L109: =MAX(0,CEILING(L7/$U$84,1)-1) -> 1 | ... P109: =MAX(0,CEILING(P7/$U$84,1)-1) -> 0
C110: Évora | D110: 3 | E110: =MAX(0,CEILING(E8/$U$84,1)-1) -> 1 | F110: =MAX(0,CEILING(F8/$U$84,1)-1) -> 0 | G110: =MAX(0,CEILING(G8/$U$84,1)-1) -> 0 | H110: =MAX(0,CEILING(H8/$U$84,1)-1) -> 0 | I110: =MAX(0,CEILING(I8/$U$84,1)-1) -> 0 | J110: =MAX(0,CEILING(J8/$U$84,1)-1) -> 0 | K110: =MAX(0,CEILING(K8/$U$84,1)-1) -> 0 | L110: =MAX(0,CEILING(L8/$U$84,1)-1) -> 1 | ... P110: =MAX(0,CEILING(P8/$U$84,1)-1) -> 2
C111: Faro | D111: 4 | E111: =MAX(0,CEILING(E9/$U$84,1)-1) -> 1 | F111: =MAX(0,CEILING(F9/$U$84,1)-1) -> 0 | G111: =MAX(0,CEILING(G9/$U$84,1)-1) -> 0 | H111: =MAX(0,CEILING(H9/$U$84,1)-1) -> 0 | I111: =MAX(0,CEILING(I9/$U$84,1)-1) -> 0 | J111: =MAX(0,CEILING(J9/$U$84,1)-1) -> 1 | K111: =MAX(0,CEILING(K9/$U$84,1)-1) -> 1 | L111: =MAX(0,CEILING(L9/$U$84,1)-1) -> 1 | ... P111: =MAX(0,CEILING(P9/$U$84,1)-1) -> 2
C112: Coimbra | D112: 5 | E112: =MAX(0,CEILING(E10/$U$84,1)-1) -> 1 | F112: =MAX(0,CEILING(F10/$U$84,1)-1) -> 0 | G112: =MAX(0,CEILING(G10/$U$84,1)-1) -> 0 | H112: =MAX(0,CEILING(H10/$U$84,1)-1) -> 0 | I112: =MAX(0,CEILING(I10/$U$84,1)-1) -> 0 | J112: =MAX(0,CEILING(J10/$U$84,1)-1) -> 0 | K112: =MAX(0,CEILING(K10/$U$84,1)-1) -> 0 | L112: =MAX(0,CEILING(L10/$U$84,1)-1) -> 1 | ... P112: =MAX(0,CEILING(P10/$U$84,1)-1) -> 2
C113: Santa Maria da Feira | D113: 6 | E113: =MAX(0,CEILING(E11/$U$84,1)-1) -> 1 | F113: =MAX(0,CEILING(F11/$U$84,1)-1) -> 0 | G113: =MAX(0,CEILING(G11/$U$84,1)-1) -> 0 | H113: =MAX(0,CEILING(H11/$U$84,1)-1) -> 0 | I113: =MAX(0,CEILING(I11/$U$84,1)-1) -> 0 | J113: =MAX(0,CEILING(J11/$U$84,1)-1) -> 0 | K113: =MAX(0,CEILING(K11/$U$84,1)-1) -> 0 | L113: =MAX(0,CEILING(L11/$U$84,1)-1) -> 1 | ... P113: =MAX(0,CEILING(P11/$U$84,1)-1) -> 2
C114: Chaves | D114: 7 | E114: =MAX(0,CEILING(E12/$U$84,1)-1) -> 1 | F114: =MAX(0,CEILING(F12/$U$84,1)-1) -> 0 | G114: =MAX(0,CEILING(G12/$U$84,1)-1) -> 1 | H114: =MAX(0,CEILING(H12/$U$84,1)-1) -> 0 | I114: =MAX(0,CEILING(I12/$U$84,1)-1) -> 0 | J114: =MAX(0,CEILING(J12/$U$84,1)-1) -> 0 | K114: =MAX(0,CEILING(K12/$U$84,1)-1) -> 0 | L114: =MAX(0,CEILING(L12/$U$84,1)-1) -> 0 | ... P114: =MAX(0,CEILING(P12/$U$84,1)-1) -> 1
C115: Bragança | D115: 8 | E115: =MAX(0,CEILING(E13/$U$84,1)-1) -> 1 | F115: =MAX(0,CEILING(F13/$U$84,1)-1) -> 0 | G115: =MAX(0,CEILING(G13/$U$84,1)-1) -> 1 | H115: =MAX(0,CEILING(H13/$U$84,1)-1) -> 0 | I115: =MAX(0,CEILING(I13/$U$84,1)-1) -> 0 | J115: =MAX(0,CEILING(J13/$U$84,1)-1) -> 0 | K115: =MAX(0,CEILING(K13/$U$84,1)-1) -> 0 | L115: =MAX(0,CEILING(L13/$U$84,1)-1) -> 0 | ... P115: =MAX(0,CEILING(P13/$U$84,1)-1) -> 1
C116: Oviedo | D116: 9 | E116: =MAX(0,CEILING(E14/$U$84,1)-1) -> 1 | F116: =MAX(0,CEILING(F14/$U$84,1)-1) -> 1 | G116: =MAX(0,CEILING(G14/$U$84,1)-1) -> 1 | H116: =MAX(0,CEILING(H14/$U$84,1)-1) -> 1 | I116: =MAX(0,CEILING(I14/$U$84,1)-1) -> 1 | J116: =MAX(0,CEILING(J14/$U$84,1)-1) -> 0 | K116: =MAX(0,CEILING(K14/$U$84,1)-1) -> 0 | L116: =MAX(0,CEILING(L14/$U$84,1)-1) -> 0 | ... P116: =MAX(0,CEILING(P14/$U$84,1)-1) -> 1
C117: Toledo | D117: 10 | E117: =MAX(0,CEILING(E15/$U$84,1)-1) -> 0 | F117: =MAX(0,CEILING(F15/$U$84,1)-1) -> 0 | G117: =MAX(0,CEILING(G15/$U$84,1)-1) -> 1 | H117: =MAX(0,CEILING(H15/$U$84,1)-1) -> 0 | I117: =MAX(0,CEILING(I15/$U$84,1)-1) -> 1 | J117: =MAX(0,CEILING(J15/$U$84,1)-1) -> 0 | K117: =MAX(0,CEILING(K15/$U$84,1)-1) -> 0 | L117: =MAX(0,CEILING(L15/$U$84,1)-1) -> 0 | ... P117: =MAX(0,CEILING(P15/$U$84,1)-1) -> 1
C118: Valência | D118: 11 | E118: =MAX(0,CEILING(E16/$U$84,1)-1) -> 0 | F118: =MAX(0,CEILING(F16/$U$84,1)-1) -> 1 | G118: =MAX(0,CEILING(G16/$U$84,1)-1) -> 1 | H118: =MAX(0,CEILING(H16/$U$84,1)-1) -> 1 | I118: =MAX(0,CEILING(I16/$U$84,1)-1) -> 1 | J118: =MAX(0,CEILING(J16/$U$84,1)-1) -> 1 | K118: =MAX(0,CEILING(K16/$U$84,1)-1) -> 1 | L118: =MAX(0,CEILING(L16/$U$84,1)-1) -> 1 | ... P118: =MAX(0,CEILING(P16/$U$84,1)-1) -> 0
C119: Saragoça | D119: 12 | E119: =MAX(0,CEILING(E17/$U$84,1)-1) -> 0 | F119: =MAX(0,CEILING(F17/$U$84,1)-1) -> 1 | G119: =MAX(0,CEILING(G17/$U$84,1)-1) -> 1 | H119: =MAX(0,CEILING(H17/$U$84,1)-1) -> 1 | I119: =MAX(0,CEILING(I17/$U$84,1)-1) -> 1 | J119: =MAX(0,CEILING(J17/$U$84,1)-1) -> 1 | K119: =MAX(0,CEILING(K17/$U$84,1)-1) -> 1 | L119: =MAX(0,CEILING(L17/$U$84,1)-1) -> 1 | ... P119: =MAX(0,CEILING(P17/$U$84,1)-1) -> 0
C120: Barcelona | D120: 13 | E120: =MAX(0,CEILING(E18/$U$84,1)-1) -> 0 | F120: =MAX(0,CEILING(F18/$U$84,1)-1) -> 2 | G120: =MAX(0,CEILING(G18/$U$84,1)-1) -> 2 | H120: =MAX(0,CEILING(H18/$U$84,1)-1) -> 2 | I120: =MAX(0,CEILING(I18/$U$84,1)-1) -> 2 | J120: =MAX(0,CEILING(J18/$U$84,1)-1) -> 1 | K120: =MAX(0,CEILING(K18/$U$84,1)-1) -> 1 | L120: =MAX(0,CEILING(L18/$U$84,1)-1) -> 1 | ... P120: =MAX(0,CEILING(P18/$U$84,1)-1) -> 0
